ENTIDADE;CNPJ
ASSOCIACAO CATARINENSE DE ENGENHEIROS;83.932.483/0001-90
ASSOCIACAO DOS ENG E ARQ DA REGIAO DE MOGI GUACU;51.870.541/0001-01
ASSOCIACAO DE ENGENHARIA, ARQUITETURA E AGRONOMIA DE MOGI MIRIM - ASSEAAMM;61.712.147/0001-07
ASSOCIACAO PROFISSIONAL DOS GEOGRAFOS DO ESTADO DO PARANA -APROGEO-PR;18.241.317/0001-85
ASSOCIACAO DOS ENGENHEIROS, ARQUITETOS E TECNICOS DE PENAPOLIS;51.101.830/0001-46
ASSOC DOS ENG ARQ E AGRONOMOS DO PLANALTO CATARINENSE;83.080.077/0001-46
ASSOCIACAO DE ENGENHEIROS E TECNICOS DE MOGI MIRIM;51.918.381/0001-23
ASSOCIACAO ENG S ARQUITETOS AGRONOMOS DA N A PAULISTA;49.842.578/0001-84
ASSOCIACAO PINHALENSE DE ENG ARQUITETOS E AGRONOMOS;51.902.617/0001-33
CLUBE DE ENGENHARIA E ARQUITETURA DE LONDRINA;78.305.224/0001-07
ASSOC DE ENGENHARIA ARQUIT AGRON GEOLOGIA DE RIO CLARO;46.314.464/0001-73
ASSOCIACAO BARRETENSE DE ENGENHARIA ARQUIT E AGRONOMIA;50.508.134/0001-96
ASSOCIACAO DE ENGENHARIA ARQ E AGRON DE S JM DA BARRA;68.323.054/0001-21
ASSOCIACAO DOS ENGENHEIROS ARQUITETOS E AGRONOMOS DE BERTIOGA;54.346.606/0001-02
ASSOCIACAO DOS ENGENHEIROS E AGRONOMOS DE SAO MANUEL E REGIAO;51.521.870/0001-47
ASSOC DOS ARQUITETOS E ENGENHEIROS EXT SUL CATARINENSE;86.961.919/0001-67
ASSOCIACAO DOS ENGENHEIROS AGRONOMOS DO EST R JANEIRO;28.711.489/0001-29
SINDICATO DOS ENGENHEIROS NO ESTADO DO PARA;05.199.815/0001-65
ASSOCIACAO PARANAENSE DOS ENGENHEIROS AMBIENTAIS - APEAM;09.255.901/0001-07
ASSOCIACAO DOS ENGENHEIROS E ARQUITETOS DE SUMARE;51.901.049/0001-56
ASSOCIACAO DOS ENGENHEIROS AMBIENTAIS DO AMAZONAS;09.084.077/0001-61
ASSOCIACAO DOS ENGENHEIROS DE PESCA DO ESTADO DO AMAZONAS-AEP-AM;04.532.701/0001-22
ASSOCIACAO DOS GEOGRAFOS BRASILEIROS REGIONAL MARINGA;00.460.081/0001-02
ASSOCIACAO DE ARQUITETOS, ENGENHEIROS E AGRONOMOS DE ARTUR NOGUEIRA;03.538.637/0001-24
ASSOCIACAO DOS ENGENHEIROS, ARQUITETOS E AGRONOMOS DA REGIAO ADMINISTRATIVA DE LINS;49.889.488/0001-49
ASSOCIACAO PROFISSIONAL DOS ENGENHEIROS E ARQUITETOS DE PARANAVAI;76.715.408/0001-01
INSTITUTO DE ENGENHARIA DE ANAPOLIS;24.862.757/0001-52
ASSOCIACAO DOS ENGENHEIROS E ARQUITETOS DE BIRIGUI;51.107.548/0001-76
ASSOC. DOS ENG. ARQUIT. E AGRONOMOS DE ATIBAIA E REG.;52.346.152/0001-44
ASSOCIACAO DOS ENGENHEIROS DE JUNDIAI;44.645.166/0001-30
ASSOCIACAO BRASILEIRA DE ENGENHEIROS CIVIS DEPTO DE SC;79.255.725/0001-80
ASSOCIACAO DOS ENGENHEIROS E ARQUITETOS DO MEDIO VALE DO ITAJAI;82.666.199/0001-56
ASSOCIACAO BRASILEIRA DE ENG SANITARIA E AMBIENTAL ABES;33.945.015/0001-81
ASSOCIACAO DOS ENGENHEIROS, ARQUITETOS E AGRONOMOS DA REGIAO DE VOTUPORANGA-SP;51.855.021/0001-20
ASSOCIACAO DOS ENG ARQ E ENG AGRON DA REGIAO DE FRANCA;51.821.288/0001-04
ASSOCIACAO DE ENGENHEIROS E ARQUITETOS DE PARA DE MINAS;18.519.751/0001-84
ASSOCIACAO DOS ENGENHEIROS AGRONOMOS DO PLANALTO NORTE DE SANTA CATARINA;22.267.312/0001-07
ASSOCIACAO DE ENGENHEIROS E ARQUITETOS DE SANTA BARBARA DOESTE;55.357.099/0001-75
INSTITUTO BRASILEIRO DE AVALIACOES E PERICIAS DE ENGENHARIA DO PARANA - IBAPE - PR;00.854.137/0001-03
ASSOCIACAO DOS ENGENHEIROS E ARQUITETOS DE ARARAS;51.325.736/0001-70
ASSOCIACAO DOS ENGENHEIROS, ARQUITETOS E AGRONOMOS DE SAO JOSE DO RIO PRETO;45.103.496/0001-67
ASSOCIACAO ENGENHEIROS ARQUIT AGRONOM REG BRAGANTINA SC;48.647.382/0001-76
ASSOCIACAO DE ENGENHARIA DE SEGURANCA DO TRABALHO DO ESTADO DO PARA- AEST/PA;04.350.121/0001-14
ASSOCIACAO ENGENHEIROS ARQUITETOS AGRONOMOS DE S CARLOS;48.020.424/0001-44
ASSOCIACAO DOS ENGENHEIROS, ARQUITETOS E AGRONOMOS DE ITAPOLIS;57.715.484/0001-72
AEAPB- ASSOCIACAO DOS ENGENHEIROS E AGRONOMOS DA ESTANCIA TURISTICA DE PEREIRA BARRETO E REGIAO;59.754.515/0001-20
ASSOCIACAO DOS ENGENHEIROS, ARQUITETOS E AGRONOMOS DE PRESIDENTE PRUDENTE;44.860.666/0001-95
ASSOCIACAO MONGAGUAENSE DE ENGENHEIROS E ARQUITETOS;54.354.600/0001-87
ASSOCIACAO BRASILEIRA DE ENGENHEIROS CIVIS - DEPARTAMENTO DO DISTRITO FEDERAL;03.860.786/0001-05
ASSOCIACAO PLATINENSE DE ENGENHARIA EM SEGURANCA DO TRABALHO APLAEST;48.676.388/0001-71
INSTITUTO BRASILEIRO DE AVALIACOES E PERICIAS DE ENGENHARIA DO ESTADO DE PERNAMBUCO;09.940.750/0001-18
CENTRO DE ENGENHEIROS E ARQUITETOS DE JOINVILLE;82.603.655/0001-19
ASSOCIACAO DOS ENGENHEIROS, ARQUITETOS E AGRONOMOS DE ANDRADINA E REGIAO - AEAR;55.751.812/0001-60
ASSOCIACAO DOS ENGENHEIROS ARQUITETOS E AGRONOMOS DE SJBVISTA;51.899.235/0001-06
ASSOCIACAO BRASILEIRA DE ENGENHEIROS ELETRICISTAS - A.B.E.E;08.038.132/0001-14
ASSOCIACAO DOS ENGENHEIROS, AGRONOMOS E ARQUITETOS DE AMERICANA;51.055.010/0001-65
ASSOCIACAO CAMPOGRANDENSE DE ENGENHEIROS AGRONOMOS ACEA;15.923.220/0001-64
ASSOCIACAO GUARATINGUETAENSE DE ENGENHEIROS E ARQUITETOS;50.447.838/0001-04
ASSOCIACAO DOS ENGENHEIROS E ARQUITETOS DE ITATIBA;51.308.062/0001-04
ASSOC REG DOS ENGENHEIROSDE ILHA SOLTEIRA E ADJACENCIAS;51.104.644/0001-60
ASSOCIACAO BRASILEIRA DE ENGENHEIROS ELETRICISTAS DEPARTAMENTO DE MINAS GERAIS - ABEE-MG;08.803.152/0001-34
ASSOCIACAO DE ENGENHARIA ARQUIT E AGRON DE RIB PRETO;46.940.797/0001-08
ASSOCIACAO DOS ENGENHEIROS E AGRONOMOS DO ABC;44.192.060/0001-29
ASSOCIACAO DOS ENGENHEIROS E AGRONOMOS DE PATOS DE MINAS E REGIAO;20.734.158/0001-00
INSTITUTO DE ENGENHARIA E ARQUITETURA DO TRIANGULO MINEIRO;18.515.395/0001-20
ASSOC DOS ENG ARQUITETOS E AGRONOMOS DE CATANDUVA;49.985.039/0001-02
ASSOCIACAO REGIONAL DE ENGENHARIA, ARQUITETURA E AGRONOMIA DAS AGUAS;41.778.861/0001-82
ASSOCIACAO CATARINENSE DE ENG DE SEGURANCA DO TRABALHO;79.886.032/0001-96
ASSOCIACAO DOS ENGENHEIROS E ARQUITETOS DE LIMEIRA;44.757.060/0001-29
ASSOCIACAO DOS ENGENHEIROS E ARQUITETOS DE OSASCO;48.896.997/0001-36
ASSOCIACAO PROFISSIONAL DOS GEOLOGOS ESTADO R G N AGERN;08.493.330/0001-78
ASSOCIACAO DOS ENGENHEIROS FLORESTAIS DO OESTE E SUDOESTE DO PARANA - AEFOS/PR;10.997.642/0001-60
ASSOCIACAO DE ENGENHARIA E AGRONOMIA DO VALE DO RIO PARDO;49.609.613/0001-10
ASSOCIACAO DE ENGENHEIROS E ARQUITETOS DE PIRACICABA;54.407.911/0001-67
ASSOCIACAO BRASILEIRA DE ENGENHEIROS CIVIS RJ;28.707.693/0001-76
ASSOCIACAO BRASILEIRA DE ENGENHEIROS ELETRICISTAS-SECAO PIAUI ABEE-PI;11.422.246/0001-78
ASSOCIACAO PROFISSIONAL DOS ENGENHEIROS DO PIAUI;07.449.663/0001-37
SINDICATO DOS ENGENHEIROS NO ESTADO DA PARAIBA;08.988.107/0001-00
ASSOCIACAO DOS ENGENHEIROS E ARQUITETOS DE UBATUBA;48.673.198/0001-09
ASSOCIACAO DOS ENGENHEIROS, ARQUITETOS, AGRONOMOS, GEOLOGOS,TECNOLOGOS E TECNICOS DE 2.O GRAU DE BARUERI;03.247.823/0001-04
ASSOCIACAO DOS ENGENHEIROS DE ITUMBIARA AENGI;24.809.667/0001-06
ASSENAP - ASSOCIACAO DOS ENGENHEIROS E ARQUITETOS DE PROMISSAO;06.100.452/0001-21
INSTITUTO BRASILEIRO DE AVALIACOES E PERICIAS DE ENGENHARIA DO AMAZONAS - IBAPE-AM;03.598.723/0001-22
ASSOCIACAO DE ENGENHEIROS E AGRONOMOS DE ITAJUBA;17.413.196/0001-49
ASSOCIACAO DOS ENGENHEIROS, ARQUITETOS E AGRONOMOS DE MOGI DAS CRUZES;47.654.025/0001-72
ASSOCIACAO DE ENGENHEIROS E ARQUITETOS DE ITAPIRA;00.831.655/0001-01
ASSOCIACAO DOS ENGENHEIROS, ARQUITETOS E AGRONOMOS DE ASSIS E REGIAO;49.899.321/0001-69
ASSOCIACAO DE ENGENHEIROS E AGRONOMOS DE CAJAMAR - AEAC;15.539.734/0001-10
ASSOCIACAO DOS ENGENHEIROS, ARQUITETOS E AGRONOMOS DE POA;50.216.951/0001-70
ASSOCIACAO REGIONAL DE ENGENHEIROS E AGRONOMOS - AREA;51.410.801/0001-66
ASSOCIACAO DOS ENGENHEIROS AMBIENTAIS E SANITARISTAS DO VALE DO TAQUARI - RS (EASVA);32.237.587/0001-43
CONFEDERACAO DOS ENGENHEIROS AGRONOMOS DO BRASIL - CONFAEAB;61.755.260/0001-61
ASSOCIACAO DOS ENGENHEIROS E ARQUITETOS DE CUBATAO;55.670.491/0001-70
ASSOC DOS PROF DA ENG ARQUIT E AGRON DE PINDAMONHANGABA;48.279.673/0001-59
ASSOCIACAO DE ENGENHARIA MECANICA E INDUSTRIAL DE MINAS GERAIS - ABEMEC - MG;42.788.174/0001-00
FEDERACAO NACIONAL DE ENGENHARIA MECANICA E INDUSTRIAL;04.102.397/0001-83
ASSOCIACAO DE ENGENHARIA AMBIENTAL E SANITARIA DO ESTADO DE SAO PAULO;26.694.476/0001-63
SINDICATO DOS ENGENHEIROS AGRONOMOS NO ESTADO DO RN;08.449.597/0001-68
ASSOCIACAO DOS ENG AGRONOMOS DO T DO AMAPA AEATA;05.549.191/0001-69
ASSOCIACAO DOS ENGENHEIROS DE CAPAO BONITO - SP;24.355.377/0001-21
ASSOCIACAO DOS ENGENHEIROS E AGRONOMOS DE ANDRADAS;02.517.337/0001-04
SOCIEDADE ESPIRITO SANTENSE DE ENGENHEIROS;27.373.125/0001-13
ASSOC DE ENGENHEIROS ARQUITETOS E AGRONOMOS DE SALTO;57.057.317/0001-81
ASSOCIACAO DOS ENGENHEIROS DO NORTE DO PIAUI - AENPI;37.062.886/0001-08
AVEA-ASSOCIACAO VARGINHENSE DE ENGENHEIROS E AGRONOMOS;17.408.345/0001-81
SOCIEDADE DE ENGENHARIA, ARQUITETURA AGRONOMIA DO ALTO IRANI -SEAI;03.113.186/0001-83
ASSOCIACAO DOS ENGENHEIROS AMBIENTAIS E ENGENHEIROS AMBIENTAIS E SANITARISTAS DE PERNAMBUCO;22.413.676/0001-40
